,0
AAPL,0.011501943787908172
MSFT,0.0030398844307726594
NVDA,0.2652619549010419
GOOGL,0.018723348390651925
AVGO,0.09651834607004298
GOOG,0.018723348390651925
JPM,0.07800171348759168
V,0.004345178843886821
XOM,0.027000024910625836
COST,0.0027834192840229975
MA,0.008123425739316698
UNH,0.15214249796066828
NFLX,0.17527901995159836
HD,0.056954472571442906
ABBV,0.15317214698197354
BAC,0.0566545134538535
KO,0.032858365622798785
CRM,0.14130289114413092
CVX,0.09280436152698365
WFC,0.015308474977603731
PM,0.14280510378111802
ABT,0.20658204952258233
LIN,0.05289737952584979
ACN,0.015247749248623921
PEP,0.022894229246677982
ADBE,0.020935563611286432
DIS,0.047886246558986836
GS,0.02219417570184449
TXN,0.21475800978013398
QCOM,0.19243188235392722
INTU,0.027894858948454476
CAT,0.12610309210260995
PGR,0.2006179657476664
SPGI,0.03542712549373707
BKNG,0.13399918555236986
AXP,0.09972553687695074
UBER,0.36950095068802064
TJX,0.128445675543268
LOW,0.03517143783541937
DHR,0.26688834712183596
AMAT,0.033208604302598685
FI,0.16984950054507558
ADP,0.004878837240603151
SCHW,0.043169148144161076
MDT,0.011776323741180489
PANW,0.11731147836225554
DE,0.03876806242087367
MMC,0.018696110189017727
CB,0.058030115796223594
BA,0.3950208036894956
PLD,0.04541935212167168
BX,0.021668430758604335
MU,0.06227276677694477
LRCX,0.16900099855310424
ICE,0.04193256993654049
AMT,0.8413695015007379
SO,0.031585302165503114
KLAC,0.12039757587306316
MO,0.019643135932420154
ANET,0.13474384715165044
DUK,0.14702948628925963
MDLZ,0.11495361353912784
EQIX,0.12876111493984663
UPS,0.08363549842323938
AJG,0.02236809641523539
CVS,0.21590700073352564
KKR,0.06817156629665398
PH,0.18105761636131829
MMM,0.6604645161352151
AON,0.0724992548729629
ORLY,0.003425427157152214
APH,0.009194352987793416
ZTS,0.007261044240315422
ITW,0.013166887053580162
MCO,0.12673110604342638
TDG,0.21204326900477208
CL,0.26275167816041306
CMG,0.046728571499474104
REGN,0.0849812051896875
GD,0.005141781950733894
CTAS,0.007387276923833912
COF,0.017249484998298835
USB,0.03579747728149707
APD,0.05897558157635756
EOG,0.10134084482306673
WMB,0.12247202245259611
SNPS,0.10629624820181047
FTNT,0.061333920376010764
EMR,0.12054402119683275
NOC,0.07552675892096743
BDX,0.018787044188966776
BK,0.04639996429903967
ROP,0.2578443436831376
MAR,0.12953443076044685
HLT,0.06027997261373971
AZO,0.0026835543398884766
SPG,0.03604912329417944
WDAY,0.16291485826246174
FCX,0.009120729412319603
AEP,0.05561351675025246
TGT,0.02361150213025541
GM,0.1970451374011311
PCAR,0.27990621492018164
DLR,0.1603012473642527
MSTR,6.178188053301074
O,0.17475320921128135
PSX,0.30618752996070076
PSA,0.2682089184861111
MET,0.022643923670094615
PAYX,0.0008552034077703274
LNG,0.32324944827089036
CPRT,0.026279808553749794
ROST,0.07315461041751613
D,0.30225013587929683
DFS,0.09179314794913714
FICO,0.005497688614323117
MSCI,0.02151691525408349
EW,0.09073953209666359
FAST,0.004704700828774321
AME,0.0024091167352985844
GWW,0.023615543947060495
CTVA,0.07947265940513526
VRSK,0.07817460108103555
COR,0.170580567789509
LULU,0.042996214289636805
CCI,0.06459012285959215
LHX,0.5902938451950006
MNST,0.04527668607118179
PRU,0.04739272645003426
XEL,0.005665211083596001
HES,0.3867175819451147
VLO,0.07149984914783904
AXON,0.06503854161547473
DHI,0.021523628226632698
FIS,85.68044827402517
KDP,0.05424868806888214
IT,0.0549032493644384
TTWO,19.59908918349832
PWR,0.05685157383870832
DAL,0.43990180132183404
SYY,0.1336162414749892
A,0.05965272578522631
ETR,0.13788567760885792
GLW,0.02074308797046883
IDXX,0.002751339178064415
EA,0.006498459460555717
PCG,0.36459291820178796
ED,0.04574318391771274
GRMN,0.03696290516534548
IR,0.00279243364059582
ODFL,0.11642385867132557
GIS,0.018071820246166943
HUBS,22.724978535713394
WTW,0.2156250888275868
VICI,0.2504667302654816
WEC,0.008206390127013805
EXR,0.041682375568763905
ACGL,0.17558117388401684
RMD,0.03830589560886046
VEEV,0.03601703345902506
NDAQ,0.11421895873883989
ALNY,3.1788484497302765
CSGP,0.29683943640768734
AVB,0.0715384495626088
MCHP,0.43555083178180387
VMC,0.11715721968825504
NUE,0.2512919981919474
HUM,0.059104230209385725
OXY,0.061367058880623646
ARES,0.23143027564005056
MTB,0.09859691317145851
CNC,0.22771571274812324
UAL,2.593974981071675
TSCO,0.013067054341166593
VTR,0.01155357534102801
MLM,0.10576160457668789
LEN,0.10376093567247557
HPQ,0.009213127418218997
MPWR,0.6293893438373401
BRO,0.0365469844564181
BR,0.016187232992169356
ANSS,0.014975680997137315
FITB,0.010615147049538495
DTE,0.05338094466520134
IP,0.09468963258547394
KHC,0.018985122905965025
KEYS,0.2475610225138341
STT,0.0665492362516752
FANG,0.1643492871254192
AWK,0.034835026395723154
PPG,0.19942783848699552
DOW,0.023780565070197567
MTD,0.0226322408902692
AEE,0.0030746252961234765
IRM,0.16633989784980738
HSY,0.061966264967521154
GPN,0.38713323948472067
LPLA,0.6477706089630635
HPE,0.03928182830323614
EXPE,0.3357047003564806
WSM,0.01881813296432485
SBAC,0.08854019687273451
CVNA,3.1473263477738573
DRI,0.16070339163201108
CDW,0.02269777906997282
TDY,0.029424103988750276
ATO,0.01876582490215279
STE,1.5230122613723047
WY,0.015413607678256877
FCNCA,0.11790126973216969
CBOE,0.4801753309850878
FE,0.09703582174209206
HBAN,0.058020865949820824
PHM,0.01844115986131673
SYF,0.03311602684361124
TROW,0.22149207300137486
LH,0.062344881213589894
LYV,0.4520189294713767
HAL,0.5164564686196698
NVR,0.0446220905620982
DVN,0.015147571516792687
NTRS,0.0689904150078399
EIX,0.1421056286886204
BIIB,0.16277146765058595
INVH,0.047806124444569637
DECK,0.024019697924454603
ZBH,0.0196842630083212
IFF,36.61288758062348
ES,1.3495753714216345
IBKR,0.12600290891654697
RF,0.03423529825626654
VRSN,0.010809378145557227
ON,0.10129546050575276
ZM,0.30635834210919155
PFG,0.2527346403215419
ESS,0.04326430473126139
LYB,0.06951915795996805
MAA,0.11111781384847207
NTAP,0.04478031855739341
CTRA,6.764617369479878
CFG,0.022919037547697578
NTNX,19.036640700624705
HUBB,0.07351532249031627
PTC,0.009240186400686665
STLD,0.036642000750167575
MDB,115.79872239257352
ZS,33.07677562327068
LII,0.040610836005850214
NI,0.06340181035868278
CLX,0.15377415582983672
PKG,0.007711834878589526
WRB,0.08106906904099269
MOH,0.32062689567033764
RBA,0.23419900395255375
LUV,0.03377995615423697
LDOS,0.3899423572317337
ARE,0.2604851910917333
TWLO,7279.681549086266
WSO,0.08387626263017996
FDS,0.0939529291494764
NTRA,8.126037244136345
TRMB,0.09622847831457722
DPZ,0.11216570456525785
WST,0.10541749797392105
ULTA,0.10485340998627374
DT,0.12708161919258157
SUI,0.38442331433041566
FNF,0.0745005991503522
EL,0.24055505701453483
EXPD,0.41230536665905626
DG,0.19393528289858977
BBY,0.02189401029500608
MAS,0.008985820156906684
GWRE,0.3299181583500168
PSTG,0.4533713726745913
LNT,0.024905814287375865
TW,0.023339286208039704
CSL,0.09973120189939688
USFD,0.054445349758070874
J,0.08491855944327399
RPM,0.014963555378200434
ZBRA,0.38562734070680593
BLDR,0.09247283172893728
APTV,0.1312028973858267
L,0.09756569937502682
GEN,0.082452607205275
EVRG,0.026110773219198816
UDR,0.11424499877526167
AVY,0.178971350402707
ROL,0.01264132215345836
AMCR,0.3377907278316468
DOC,0.11065751602306864
SFM,0.026420130559523722
IEX,0.023539821938486104
GGG,0.03900557765114905
BAH,0.11657198327849286
FSLR,0.5022344952701168
REG,0.01968875854449349
CF,0.18147437235494565
TXT,0.007739469071971089
ITCI,15.648170351007785
ILMN,8.092274030481363
GLPI,0.01781570729457643
ELS,0.011349961242711981
RPRX,0.6941251026799871
BJ,0.055630902925803555
JLL,0.141304327709452
SWK,0.25513495691649174
TXRH,0.15869975714027781
POOL,0.1259355420705325
EWBC,0.013776140831920266
RNR,0.45548720262099185
FIX,0.11620378661657853
DKS,0.010717082090131492
PFGC,0.23981976081084191
NLY,0.03315614084066382
AMH,0.04094131168250775
CW,0.03989669200826701
Z,0.3649176332194574
THC,0.0965591027247753
CAG,0.5955187232127581
FTI,0.14245832949558923
MRNA,0.12162435661860767
SCI,0.0062379695299318435
PAYC,0.04604263004575937
TOL,0.06266523201011243
HST,0.21531569607781642
CHRW,0.1488518339895399
EPAM,0.04369431532861404
WWD,0.1357365316413373
LKQ,0.057509302667195686
LECO,0.11074554285716826
LAMR,0.1409608795050828
CIEN,0.0023195070035360987
MANH,0.13111178482690125
ROKU,2.6186852777785044
BXP,0.05716122080586339
AIZ,0.00488829036016098
SAIA,0.0657542833077876
PNW,0.024514913936693687
RBC,0.01148796275806906
CCK,3.470696638896869
TAP,0.14098176480411545
CLH,0.04878722452185831
IPG,0.04798911937170613
SRPT,8.696871884558584
SNX,0.009387716052468721
CG,0.14339141707566722
SF,0.15975929095252225
BWXT,0.03938604519881127
ALLY,0.032273238378864054
ESTC,0.27074028453182286
WYNN,0.14805458712609376
CRS,0.401490548862694
KNSL,0.2555108854964611
LBRDK,1.0366163797237729
ARMK,0.1589923420992978
CUBE,0.1058898184577987
WBS,0.39477186768354366
MLI,0.023213763574252685
AFG,0.004568952854758888
BLD,0.005785662805110758
AAL,0.18038386512206744
NCLH,2.8942834799336277
G,0.060406616779236526
PCTY,0.062177467975345055
HQY,0.35979355356956866
AYI,0.05053490818484842
REXR,0.04131695094487685
RRC,0.3292513009792515
HAS,2.9753655081292845
FRT,0.13649647471456128
RGEN,0.8933381319321503
CRL,0.5510878823387239
MIDD,0.019890621150495922
ALB,0.19871769032156153
WAL,0.10848466528018712
LSCC,0.13610761170084304
ALSN,0.06754490471330327
HRL,0.02047592753739621
HLI,0.2018913904296459
MEDP,0.018869177421572084
X,0.011941248283635617
CHDN,0.08479315521832062
ADC,0.004202516698937196
PNFP,0.08655367042352181
BRX,0.013511092916435503
BERY,0.18661216000622594
MORN,0.23349971978121303
PLNT,0.253051776997278
TTC,0.12206437742148384
VFC,0.43660691887882075
AA,1.297447171708123
ALK,0.1393411850823087
MASI,0.041452384981761424
CMA,0.06513093797895342
MOS,0.2677675158551393
AOS,0.6212023814353523
EVR,0.22331023657687907
ENPH,0.27395089973121367
CFR,0.01214030829744427
AES,0.3064700939732371
EXLS,0.020801772303691082
SKX,0.08806984815445412
SEIC,0.019521633052337325
SCCO,0.05291820641801727
TTEK,0.20942258353612206
WBA,0.8069657355550353
NYT,0.09749765764690206
ZION,0.015381318724259258
GNRC,0.0775774043276301
MGM,0.015397038305378915
FR,0.06210669178279883
WCC,0.16737200029768773
WTFC,0.024995245447597604
ENSG,0.04161117789800732
BFAM,0.07984433982489716
HRB,0.0014168816034049393
SSD,0.031203979436839203
ONTO,0.14473443970070105
VMI,0.23907211433227588
FN,0.011021935244001706
UGI,0.6642970215591466
AZPN,0.647198585737862
COOP,0.19823443750519676
QRVO,0.11485162078745292
STAG,0.0066787258396630335
APA,0.1382843274601449
PB,0.08139940004127054
MAT,0.029227346763245527
BWA,0.3602301892381843
SNV,0.2247767238247666
FLS,0.1550231369783807
WING,0.12042609630202458
OLLI,0.035995354258530184
FAF,0.1888299830940272
RLI,0.11118659204054766
COLD,7.820393648451792
TRNO,0.13770230093636704
UFPI,0.40224469953633823
OSK,0.12252844410817038
ALTR,1.478921510610804
SLM,0.03486676838858868
BMI,0.0690547701509866
CROX,0.067571398820006
STWD,0.06915944984939118
FLR,0.1435914838025058
TREX,0.23041143196873576
TMHC,0.6363365021058622
IVZ,0.47582856068479024
LNC,1.7428049520385938
H,0.28656566329242583
MMSI,0.3706541829064613
IDA,0.006580591809011656
MHK,0.7125845272327995
LPX,0.05234039897351059
MDGL,161.82923399208775
MTN,0.00784731331140751
GLOB,0.013476401723309248
LRN,0.08282617041629327
ARW,0.022604444228810777
POST,0.18896346916292034
SITE,0.12214804001019644
MKSI,19.800775868256082
AM,0.5732118504711662
CRUS,0.17883947290805274
MTDR,0.1369889765467932
GPI,0.1924599721109884
ALKS,0.388043366868035
WSC,0.3580365055511582
ACIW,0.055428583905538634
RHP,0.18169068617366285
GKOS,0.09450258880878955
EPRT,0.015291538099990194
WTS,0.010537135489168764
MTH,0.15429799873707645
LOPE,0.049755125816720744
SIGI,0.15054284452040884
ABG,0.16165074833924725
ELAN,1.2344327448573895
NXST,0.20070893742778614
AMG,0.15081781361083346
IIIN,0.0802331133014696
FSS,0.06701564214594471
INSP,0.3148217309966298
CSWI,0.02282386085183968
OZK,0.10659884786416174
BILL,18.113234074089092
IDCC,0.17322120108941305
AL,0.3930066345150913
CTRE,0.5675273765371869
CLF,0.31135157329424656
CYTK,2.629822548665647
NJR,0.08486985668805541
CVCO,0.09824168460600607
SWX,1.2229775266929899
AGO,0.1381088588486742
HWC,0.06571306654382601
VRNS,5.531434906839927
TKR,0.06887906624097995
FFIN,0.06767117226112349
RDN,0.010924751921888503
TGTX,0.16375059367757097
FIVE,0.037739074735469655
BE,138.00504975393432
AXSM,20.396262637177397
GH,103.65872597379325
BYD,0.03060554617622666
IRT,0.4343588021896719
KAI,0.014265483446018778
CELH,2.158699259783735
BOX,0.09363160027922725
VVV,0.10647473418921302
TENB,8.294709526631484
WTM,0.0716024871825726
RH,0.45022516241377897
SEE,0.0019983242113154965
SR,0.007683765033186393
EEFT,0.09146528425958295
AN,0.05940957202629496
AVT,0.04173516709813595
KRYS,1.216059400414514
SFBS,0.05588640476219342
FELE,0.1433380220406257
BDC,0.3134982056557856
VNOM,0.22532980344952114
POR,0.059506946609160574
CBT,0.1479084371614658
FRPT,1.9760977786209373
WK,18.328698138305423
CNX,0.5753704209761241
LYFT,73.6065216920187
SLGN,0.08671802634530074
MWA,0.04126524127295186
VLY,0.09818960714807748
NSIT,0.010620916747181249
KBH,0.0359375739583763
EXPO,0.025758017390697253
MMS,0.07474351226920439
FCFS,0.08064716865251673
EPR,0.02654398947119771
DY,0.018475638365803355
MARA,0.8150777262430067
ST,0.1904410660296172
PRGO,0.17201128714440758
CHH,0.07995168399165241
KMPR,0.33924970570039503
THO,0.16980793986215076
RYN,0.09161480902020634
OGS,0.0035488529393719786
STRL,0.09921798233142573
BKH,0.008929410226694558
AVAV,3.7925363609099603
ACA,0.14526116632552694
SKYW,0.03037185298759756
IBP,0.09155254460581777
IRDM,0.03550473165842809
PCH,0.11062726416201801
FUN,0.04311938637369694
WLK,0.11834282918786211
ASB,0.6153187298271634
AX,0.05788257871654555
DORM,0.09668528023596783
CBZ,0.017911495809923052
ALE,0.053314173105342796
CALM,0.11022779380543607
ABCB,0.10788658947765314
TCBI,0.1049470843333545
LANC,0.041215600757157425
TDS,0.47892246560880886
VRRM,0.10535516894526215
ZG,0.3649176332194574
PJT,0.07036370815351024
BOOT,0.039860214910777944
PRIM,0.022239194080176085
APLE,0.13453998266402706
ELF,0.22454306626881265
IAC,0.9954385947796711
IBOC,0.16105337340292766
HL,0.5339824297265559
KFY,0.07187865335254207
HASI,0.15109224524522386
FRSH,0.8208285661987081
MDU,0.12341392435614408
CIVI,0.050644130113182056
GVA,0.20022151312353098
CACC,0.10915596619012873
RUSHA,0.07757395214454321
MHO,0.04982864124176903
UNF,0.030932798832598106
WDFC,0.009060361608459515
IRTC,115.00648825800565
ICUI,0.4537497230927243
NWE,0.018203613186055685
MGEE,0.014831215454370878
HGV,0.0326438971266097
GEO,0.9817336669561454
FTDR,0.18909272448951672
W,0.1028218125251564
COLM,0.004438982348032936
CBU,0.03583336663168644
FUL,0.18445909094592725
OLN,0.011664779636868794
OTTR,0.014910950447468067
NHI,0.07465079451763734
CARG,0.350433455797992
WSFS,0.015838448004559556
WHD,0.1798449021933057
CRVL,0.013992126385154163
TPH,0.0973083665648028
CCOI,0.12950788314059067
NSP,0.10384786880079729
ROAD,0.15598342774301904
AUB,0.136220106861222
SMPL,0.0962936112132599
HOG,0.056884259981318436
NMIH,0.002089639280511408
CRNX,2.1174862148603757
AWR,0.04201348350391185
VIRT,0.013597733472723111
SRRK,4.548997839432707
NVST,16.305378564923743
ASGN,0.0650713787769776
GSHD,0.776215054317228
CRC,0.2887615830645984
GFF,3.0185966803863176
YETI,0.19830038422666316
WSBC,0.1217225291058684
WU,0.02459537078327536
PTEN,3.1664052350561316
VKTX,1.7854198799682162
PATK,0.32731267697470406
CPK,0.005022392361966792
INDB,0.15465682207656498
VCEL,0.11744296406129903
BLKB,0.5263683112558039
BHVN,15.97174916999241
PSN,0.16929132469547248
CWT,0.09984499060667659
AKR,1.667275542210135
SMTC,32.71604338084477
DNB,0.028768354723089366
AVA,0.016073978097369754
BOH,0.03266058385891649
VAC,0.031170502223692814
HCC,0.020083712733741998
CPRX,0.24670876279667753
OUT,1.1258838048891011
SFNC,0.10213081497920276
JWN,0.1737389475784771
TEX,0.21432736860034457
MAN,0.11974579140001618
ENVA,0.003323694055139192
PFSI,0.006112912669859739
CNK,0.6109086083279995
WNS,0.05010845253965625
LXP,0.017639594199477956
PTON,0.3818124555952437
RNG,330694.73428489035
FIBK,0.32078178232024385
LCII,0.5592180828570507
HUBG,0.019998210799018423
CPRI,1.2743142625670307
CVBF,0.05474664067342674
IPAR,0.04822893978938313
AI,0.4255616175078474
FIVN,68.80055891135333
SMG,0.5360266296042455
CNS,0.09300560503001226
QDEL,2.7941540282685495
GT,0.093700090920283
CHEF,0.35523998807027
VCTR,0.12020226007405654
SYNA,0.2035077928035472
LBRT,2.8434232680116303
BOKF,0.058204780402169434
TNET,0.11820663459363237
GPOR,0.43713868216596424
TWST,0.981640419260046
PSMT,0.04794145822321799
FFBC,0.032935340075164445
CWEN,0.21450215450907967
ATKR,0.02750309786216572
RRR,0.04768914505315229
PTGX,0.18563608252666527
AZZ,0.9192571117220143
VC,0.12304513093276634
AMKR,0.3726093764184457
SPB,0.11683712078036924
DIOD,0.742276812032507
FRME,0.040001252752543716
TMDX,1.8343803844305895
TBBK,0.11418790049639894
AEO,0.04382972621921058
HWKN,0.021447849183304404
CAKE,0.29575394678633193
SHO,0.06817628294742187
PI,0.23834710869335698
HNI,0.10098274316168586
MRCY,0.7655923632237931
SAM,0.11395995883180776
ENR,4.487782377540659
PRK,0.04524191437870671
RNST,0.05442922313019893
IIPR,0.03668137900668764
LIVN,3.2495346088105537
CXW,0.06586657153166131
SHOO,0.31191606797738347
TTMI,0.02289343722654147
PPC,0.17897741419188787
UEC,2.2758855775384705
SSRM,0.5664502089450636
JJSF,0.13856125417983878
VSEC,0.1248532872799139
NEOG,81.4893877935828
IPGP,1.0833074619236804
LZB,0.0339110816999304
ROCK,0.09243700104476588
ARWR,3.8937616120216276
EXTR,1.3252394944774704
SYBT,0.08721229069633506
EFSC,0.0241283214956427
RIG,0.31361404140311777
DVAX,0.7545024732194187
NTB,0.005138578030143638
AMBA,0.29484621081388707
BCRX,207.71266155725414
NVCR,3.8331607995441455
HI,0.1533236304703135
AGYS,0.1355276000886736
AGM,0.016973424749121727
OI,0.48220558501330973
MYRG,0.24063364408437746
BUSE,0.047843691148457386
CALX,0.08578889605964218
CSGS,0.03477221787851664
STNG,0.3954757915568161
CCS,0.2138718600417002
GRBK,0.22996023614110214
WAFD,0.04913794846883588
MGNI,2.303465670368271
OII,0.02683330560801
PLUS,0.029992904445020577
KWR,0.5817379743852871
AGX,0.06443451443392019
CENTA,0.04058721577292405
CASH,0.19162720594204102
KMT,0.05754457355110695
SEM,0.045551569901508604
DRH,0.021517217868172074
GOLF,0.06875181274610226
CWK,0.38688105998101585
ARCB,0.40389257037151466
HE,14.219795140041985
INOD,0.1597690169014621
POWL,0.48523104936235156
SBCF,0.09589653099832884
UPWK,0.2386630750499981
HMN,0.12022838131899216
NGVT,3.6366975009352176
CNMD,1.5142893603731489
MTRN,0.8104246367192401
PINC,0.1321238068673492
CHCO,0.010797813878357855
HTH,0.02560499911667503
OMCL,0.5565473003757523
RLJ,0.8542243022719807
LGIH,0.32333231778259575
ADUS,0.04076608969468154
ACMR,0.10334551045306296
UFPT,3.8633498290323347
ALG,0.06530617355647443
CRK,1.0697750301636537
SONO,0.07189887656763443
KN,0.6667480025175162
IART,0.07006153713699742
IDYA,914.3164599714437
MNKD,0.1325225144304339
DNOW,0.15185680126978432
REVG,0.13927992265020725
BHE,0.2143610022229105
SJW,0.06728493512448767
CAR,0.624437494887191
CODI,0.0671591769800427
TGLS,0.06364347431623749
ANDE,0.07319737660442187
CRI,0.021450069314048217
PEB,0.4983342879551747
TDOC,15722.219085094059
THS,0.9437511406932348
LNN,0.042237035117110064
PAGS,0.05189542918678746
VRNT,0.3631634627739926
PZZA,0.08244164773520007
CNA,0.0950319690112584
NNI,0.19855055622922996
TNC,0.10483839367465321
MCY,0.17887484949796748
DDS,0.08028408449176622
FL,0.24897383627244812
TRIP,0.31763334237330365
SNDR,0.024543005928123477
LKFN,0.057668677975494534
CUBI,0.034232603117862526
RUN,4.584492281103172
IMAX,0.16375904664996221
CABO,0.2357135647885789
QCRH,0.06771642581633368
FCF,0.0329433947666478
NWN,0.007478843910591215
NTCT,3.4072156363303665
INSW,0.4248422012929143
FBNC,0.22713912615112536
JBGS,0.36734186612854525
GEF,0.10728072030098056
SABR,2.554081109780964
SCL,0.4087798103211746
WMK,0.0026261664419489983
ALEX,0.01879240614591705
UI,0.04370452329899404
ATSG,0.02395214462396318
UVV,0.059902056978782176
HLIT,0.10942206110395333
PMT,0.010076455625764539
PLAB,0.0919577555815708
VICR,0.5718981424332908
ESRT,0.17598805751756375
KSS,0.2730775971552927
BLBD,2.1395421203065856
EVRI,0.04950479954742871
APOG,0.46393229075219755
APPN,124.25908528184539
NWBI,0.04162437514334073
CRAI,0.04395904345495208
TRUP,57.00905648312569
LADR,0.016319621952926543
VECO,0.4599654100750304
DHT,0.10308243380921592
NVAX,6.154373729313852
WWW,0.898505590423924
VRTS,0.023487264480942033
FBMS,0.030077044430449045
CNNE,0.1138792182172087
TNDM,5.312041480564353
DESP,0.6317572863364442
COMM,32.33083025413334
MSEX,0.050952818031948746
HOPE,0.03267067017830151
ARDX,2.672163497328213
TCBK,0.019681911561221073
LC,0.22806620022979676
SFL,0.27562980421184824
HLIO,0.06357514389584264
VSAT,0.18527387610848478
KALU,0.5561588702490512
BFC,0.07575157524196303
FOXF,0.6511596914435437
PEBO,0.22777586701403457
PRO,2315.947568643093
DBD,3.9882015587995197
CENX,0.1530213443873282
SCS,0.11099185934761718
GIII,0.5940757011417784
USPH,0.16649793211119485
AMWD,0.8611381138436679
SAFT,0.07327033226091825
SNDX,0.6974878207109234
LMB,0.5495914377140575
HLX,0.207250753300024
CIM,0.06560269128333603
UCTT,0.5274443200469621
GERN,12.964665482464106
SBSI,0.0901508109122096
AAT,0.09850425184398282
FIZZ,0.03383684834229298
PRLB,4.008111933099642
BBSI,0.0036029546475162383
SAFE,1.2467291576150201
CWH,0.13160901417824203
CBL,2.812405430986968
OXM,0.38423676345206265
MDXG,0.19490706389754817
THRM,0.02718207397116657
FDP,0.3230878309405352
NVEE,0.20560160245615985
SLNO,869.694775202445
CDNA,3275.0885568789786
COLL,0.06941853751657275
BKE,0.07776453988915144
IOVA,1.4011770055934758
ARVN,11.036027470530154
DGII,0.22970802977448818
CCB,0.04079311281955484
EVH,265.3408212382415
IMKTA,0.5719312552172974
GOGL,0.0393463132928006
GABC,0.04225513021828972
MXL,3.0397778403655105
AMN,0.14946649419690042
NSSC,0.16544015162976844
WINA,0.008587831792528344
PDM,0.09408155784658356
SBH,0.029097370489813847
THR,0.21794229428521536
KNSA,0.29831743860618903
IDT,0.08953506264827506
ALGT,0.33899800926048385
DXPE,0.2812023035967117
RVLV,0.06430187459963758
TNK,0.4955786600300831
MYGN,0.4245737692702303
HCKT,0.013001649752848166
SIBN,4.0814418570884525
MMI,0.36022867459249697
FSLY,1.4162135094550015
NX,0.3223593259305999
STAA,0.3937992877100579
CPF,0.006982815064316561
TMP,0.7677682876076959
ECPG,1.1488693061360635
RYI,0.05968233760245148
RDVT,0.09913417462660228
ARRY,0.8928257228668741
HFWA,0.14498518167848828
BZH,0.13982249150898846
BELFB,0.20936930917277685
MBWM,0.03388958519816877
WSR,0.12063556719096317
NTGR,0.34569942984756064
NTLA,58.20333364136225
LQDT,0.13668895390447688
NPK,0.03472808648311865
UVSP,0.040652733979437056
ICHR,0.6871691666719907
HCSG,0.13451225894870447
SMBK,0.19413585489400137
ORRF,0.2563494001099343
AHCO,5.856375530761229
MBIN,0.04938585670870679
WVE,9.246357161149175
RBCAA,0.005958737844255632
PLYM,0.7112159534208916
COHU,0.018802985976851504
CTBI,0.02455036662870985
SEB,0.16243387783767319
AKBA,1.5616462595750273
CCRN,0.018294404030107576
BLMN,0.3959742849371729
PARR,0.5245945400007251
EVER,1.1224172492533513
HSII,0.23363788180277462
UVE,1.1795559908515694
AXGN,8.273452458836765
LINC,0.14727993615505688
PFBC,0.014494870005073377
OPK,1.296799474681014
HAFC,0.012643380665574392
SPNS,0.008608088198604745
AVDL,0.9866888642664767
CEVA,2.624487332712809
PRAA,0.1976034547497013
TRNS,0.053096805053801974
ATRO,0.01718619243208786
NFE,0.3224430878953213
CNXN,0.057184145548065876
LPG,0.11142785246322645
UTL,0.015926907191657028
ZYME,0.20722237871487317
RUSHB,0.07757395214454321
SENEA,0.0228803181632475
CVLG,0.3193860470256733
AMSC,0.0381047303835007
PLAY,0.14126621070447154
GRC,0.4101832361509329
CMRE,0.216674949910019
CDXC,4.602639449716005
BV,0.2158408149004337
EGBN,0.8483880036225051
BBW,0.2909253049949854
RDFN,9.767385278196222
HBNC,0.506565456689447
AMTB,0.4476892844177913
SBGI,0.2324336514124846
REX,0.1703011500850813
DAKT,0.7709437701371391
MLR,0.23301705879007967
ESQ,0.09898477935633865
YEXT,110.56080842363133
BFST,0.028991828458088384
TRST,0.10152441242868838
PLSE,8.091308402540642
FBIZ,0.029207309283630294
CCBG,0.02109736466064331
UUUU,0.21725116043046364
OMER,0.17193317853061657
LMNR,0.19620410726836948
EXPI,0.08029317427728977
RGR,0.05376493371347882
PRTA,0.193644960401831
SITC,0.17439781313996736
STKL,0.516526157768227
CAC,0.1426249477352364
GDEN,0.1472431268181546
MBUU,1.3547258493647574
TIPT,0.0868163788636579
GOOD,0.15184134163585228
FWRD,5.74788635198324
NCMI,0.14225560544490418
TREE,0.8667484059116916
LYTS,0.060115456388592524
MPB,0.04692865630969949
GLRE,0.3588017627210399
PFIS,0.35099163285827834
DCO,0.22174855180683734
PGC,0.2549734746919161
UNTY,0.018539077317367245
TBPH,0.2561440792074151
FMNB,0.19555348091843766
PUMP,0.6217309806281639
CASS,0.045875490608883206
IRMD,0.26955698816749735
EE,0.23191737197455742
SMP,0.061276837165806515
SCHL,0.05871096504504017
MCB,0.48984785938116904
SMBC,0.0735160862837797
AXL,0.009758066315820005
ARCT,0.3107314897096298
JBSS,0.03193542668037456
THFF,0.0933146666196251
CVI,0.14140386851329664
EBF,0.026803413122734713
CNDT,1.053981448841303
BATRA,0.1187391132124001
MNRO,0.1502079698020666
ACEL,0.4993458430813453
IMXI,0.09540743894348028
FC,0.18974121486681747
UHT,0.22558916670133336
LXU,0.7136890550382107
CLBK,0.8791492985546279
LIND,0.7634644310309937
RPAY,3.343348672274468
FARO,0.29945518179409125
AHH,2.068213455779564
HBCP,0.02814187934474353
AROW,0.22157300148023712
HZO,0.14318383954927394
CWCO,0.15901918715882718
ASC,0.08661217675200931
REPL,1.03954588317419
GNK,0.04075468821470613
HPP,1.0869961458313193
CCO,0.6961470686015191
NAT,0.5160727220625964
ATEX,0.49327725063728933
WRLD,0.06640470625453973
FISI,0.06720368924250875
CTO,0.013684803116027546
SPOK,0.19180125646196064
SVC,0.2109087606406858
VREX,0.47195869518760325
MCS,0.17406620752324134
ACCO,1.0094796670682216
ASPN,2.0661685161678482
CYH,0.20811304795449379
ANAB,0.6336251935715047
KURA,0.3534541179813895
GOGO,0.3014519476596477
HBT,0.0616913679781677
OLP,0.09910680017010301
HY,1.8894795068856625
PBPB,0.169025623455313
CIVB,0.1039293772332785
SRDX,0.9784932263194956
HTLD,0.3181447139083466
SPFI,0.11376137489378384
SLP,0.19435015775437486
MSBI,0.07054859116289017
SFIX,2.333782095086681
GLDD,0.23500049132712408
FSBC,0.4944563676584254
FPI,0.10051452178333126
BFS,0.013344269754787847
WSBF,0.017726728915307122
PACK,1.4949091974206792
TSBK,0.07248112720985755
MGTX,3.433677437982161
HIFS,0.0795096856800529
RRBI,0.12002583557060108
ILPT,0.46249821155612847
OIS,31.661519009815553
BWB,0.22307658438653089
LAND,0.15536735323867662
SD,0.08958532079496224
WASH,0.10089917037370308
YORW,0.017566519677707296
TTGT,0.9847563135257662
ALRS,0.3157550771261849
PLPC,0.0976883521506977
CLFD,2.572950022708196
MBCN,0.08886889697465719
RES,0.09827103055097791
HRTG,9.178534540740813
RBBN,0.035312228013901874
CLDT,0.22669452162787546
FMAO,0.2687553213726099
URG,0.7959843762566164
CMCL,0.09723954757764261
KRNY,2.8219867110073
XPER,6.605474820948891
GMRE,0.10647827211160177
HVT,0.33821459791330577
FDBC,0.3323874870904993
GDOT,0.10727697075722858
ORC,2.496564949293696
MVBF,0.04620822847481965
URGN,467.49311213440404
FNLC,0.16828855097649995
SFST,0.40780713467669705
XERS,1.5958494362078095
MYE,0.37102250169743844
AQST,3.0108593256957024
ULH,0.20048680213577474
TWI,0.03355138317810699
CENT,0.04058721577292405
JAKK,0.15993128074933144
LXFR,0.20860439698472533
FLGT,0.1911708921403063
RMNI,0.46287016240328893
DMRC,6.369897638932899
HAIN,1.6294731366553283
TITN,0.34733263229838507
RDUS,2.0181233491572623
FLIC,0.2856560235868977
NVEC,0.05697484960271747
PANL,0.13879143533712526
CELC,24.746837754962247
ZEUS,0.20256331074447675
AMRC,0.3000287849446007
FNKO,8.183551481095076
ZUMZ,0.8177420268770765
KALV,156.71204607524174
RMR,0.011695280804588523
PAYS,0.16902680352719884
RGP,1.6031045203749674
KIDS,0.5053013383116363
LOVE,0.042373389324870295
DENN,0.05526641252536309
EYPT,14.373546125800834
IPI,0.39186825287785026
VPG,0.09772780898894232
FLWS,0.02656138969822526
WOW,0.19156792765589686
BHR,0.34043631986607625
OSUR,0.705415457271712
HRTX,126.51213769736455
EPM,0.09102244608362604
EGHT,37.47741799182126
CYRX,20370.777949245534
AEHR,0.12166102194275627
OCGN,0.4166266179780117
BSRR,0.1020376174899893
WLDN,1.1478656481116847
CERS,13.865554688573756
GNE,0.5424791830550864
FFWM,7.405419640049379
MVIS,1643.539609123416
ATNI,0.06929650660831634
ARAY,0.16372314069792548
BCBP,0.29739434912361196
NRC,0.0192764271721353
LRMR,2.5074853634663405
AMCX,0.3961317118077839
TCX,1.960401611343651
KOD,53.288941362769364
SMRT,0.236401929993507
NVRO,0.3645697483096389
BOOM,4.435604067284708
DOMO,0.2884477100685561
GPRE,0.9604074586173186
IRBT,0.2518595892241716
WTI,0.056422115699702846
ALLO,0.8373133534466106
BYND,379.44660114849034
EB,16.11944888402435
HMST,0.5074844499459522
GPMT,2.6891869667516612
SSTI,1.8123384684352086
YMAB,0.505172763243422
SRI,0.056056031131004325
JOUT,0.4981485920715637
INGN,1.5735853494356753
OFLX,0.08280394216721162
CBAN,0.002968788937493639
FORR,0.40182871488208827
ENTA,0.02228524718950236
RILY,0.5022031000218186
CDLX,20.624411667507218
DXLG,0.05798167321223105
CHGG,3.2018391436017275
STRO,2.069493916839318
SAVA,0.6467155908696558
INO,15.597507201717233
SUNS,1.1151782164162731
OPRX,11.234416905950415
CRBP,4.367224926624333
CVGI,0.4575952785917483
GPRO,0.4035271677972988
FCEL,13.268874329446067
XFOR,0.2513689057719716
FATE,31.675383415033057
CHRS,0.26146911190792776
NOVA,22.333614258882342
MRSN,3.0659855767805873
LXRX,0.040166458857946646
BLNK,242.48139539010035
AGEN,0.03632681866940109
OTLK,0.9881261706231514
BLUE,6.995644504429212
PBI,0.4668494471122117
