,2009-12-31,2010-12-31,2011-12-31,2012-12-31,2013-12-31,2014-12-31,2015-12-31,2016-12-31,2017-12-31,2018-12-31,2019-12-31,2020-12-31,2021-12-31,2022-12-31
Revenue,1332.87,2641.97,3830.84,4078.01,5087.18,4802.31,3974.80,4519.40,5284.82,5188.94,5736.80,1727.92,2012.36,1349.98
Cost Of Goods Sold,1157.51,2017.83,2809.82,2939.80,3558.57,3344.66,2798.98,3113.74,3552.85,3333.32,3637.92,1538.40,1491.77,1063.46
Gross Profit,175.36,624.14,1021.02,1138.21,1528.60,1457.65,1175.82,1405.66,1731.97,1855.62,2098.89,189.52,520.58,286.52
SG&A Expenses,138.02,199.83,222.35,241.41,255.78,311.70,383.87,446.59,467.12,505.93,559.48,424.40,426.41,423.23
Operating Expenses,355.51,512.89,573.21,631.09,688.78,772.29,1077.41,1042.54,1124.36,1242.18,1351.21,1130.08,1098.03,1029.62
Operating Income,-180.15,111.25,447.81,507.12,839.82,685.36,98.42,363.12,607.61,613.45,747.68,-940.56,-577.45,-743.10
Total Non-Operating Income/Expense,-128.42,-120.85,-160.58,-111.36,-259.37,-154.94,-158.19,-288.02,-292.33,-274.31,-345.11,-516.97,-376.13,-348.83
Pre-Tax Income,-308.59,-9.60,287.20,395.72,580.45,530.42,-59.78,75.10,315.28,339.13,402.57,-1457.53,-953.58,-1091.93
Income Taxes,-0.13,0.92,-1.63,-2.94,2.44,3.04,1.03,8.18,-0.01,0.24,8.34,-2.91,2.88,5.24
Income After Taxes,-308.46,-10.52,288.83,398.66,578.01,527.39,-60.81,66.92,315.29,338.90,394.23,-1454.61,-956.46,-1097.17
Income From Continuous Operations,-209.54,8.21,325.04,430.25,578.01,527.39,-60.81,66.92,315.29,338.90,394.23,-1454.61,-956.46,-1097.17
Net Income,-308.46,-10.52,288.84,398.67,637.46,608.28,105.75,175.91,347.00,340.30,373.17,-1263.49,-811.75,-930.53
EBITDA,43.32,424.31,814.74,885.71,1241.55,1081.81,607.56,963.73,1174.21,1203.66,1419.21,-304.38,18.67,-204.11
EBIT,-180.15,111.25,447.81,507.12,839.82,685.36,98.42,363.12,607.61,613.45,747.68,-940.56,-577.45,-743.10
Basic Shares Outstanding,488.85,526.25,534.77,548.45,549.89,549.19,539.09,505.57,489.22,502.18,478.86,477.35,478.03,463.72
Shares Outstanding,488.85,526.25,534.77,552.75,554.73,553.50,542.37,508.43,493.11,505.47,481.15,477.35,478.03,463.72
Basic EPS,-0.63,-0.02,0.55,0.76,1.16,1.11,0.19,0.35,0.71,0.68,0.78,-2.65,-1.70,-2.01
EPS - Earnings Per Share,-0.63,-0.02,0.55,0.75,1.15,1.10,0.19,0.34,0.70,0.67,0.77,-2.65,-1.70,-2.01
Cash On Hand,448.71,609.20,1158.02,2382.19,2778.99,3155.30,2652.88,1952.30,1553.38,1612.06,1481.74,1755.36,1653.18,1863.72
Receivables,299.70,259.52,306.50,320.92,287.92,254.76,272.80,226.54,178.92,329.48,284.77,130.38,54.88,56.62
Inventory,6.53,10.22,15.25,16.57,18.16,23.11,33.07,32.60,34.99,41.09,43.96,37.28,29.59,26.42
Total Current Assets,774.72,900.47,1505.51,2749.02,3148.44,3502.96,3020.16,2279.55,1844.79,2077.81,1894.67,2008.82,1868.75,2074.67
"Property, Plant, And Equipment",2786.64,2671.89,2655.42,2684.09,3308.84,4696.39,5760.23,5655.82,5730.76,5784.34,5723.91,5681.27,5910.68,5870.90
Goodwill And Intangible Assets,533.71,1171.03,1628.60,1076.11,1037.75,1401.12,1289.82,1209.77,1129.72,1070.01,1009.70,947.27,854.91,796.09
Other Long-Term Assets,766.34,95.62,437.66,1372.19,1204.06,657.11,192.01,195.04,189.77,186.84,176.61,285.01,177.28,284.43
Total Long-Term Assets,4125.63,3983.95,4764.44,5198.42,5665.17,6929.60,7242.15,7060.79,7050.26,7044.19,7593.75,7012.14,7014.94,7227.11
Total Assets,4900.36,4884.44,6269.98,7947.46,8813.63,10432.56,10262.31,9340.34,8895.06,9122.00,9488.42,9020.97,8883.69,9301.78
Total Current Liabilities,559.16,675.60,603.11,1721.66,1237.97,1316.66,1211.02,1479.14,1684.01,2146.93,1525.46,1116.25,1021.88,1198.63
Long Term Debt,1754.35,1636.89,2325.98,2339.92,2523.91,3918.06,3982.87,3932.05,3772.43,3918.74,4656.02,5915.61,6907.48,8288.30
Other Non-Current Liabilities,60.05,30.73,83.20,78.77,63.95,97.23,80.96,49.29,49.01,29.29,18.77,29.21,30.52,33.71
Total Long Term Liabilities,1832.15,1685.63,2479.20,2485.04,2650.66,4074.24,4119.43,4037.79,3875.43,4002.78,4819.73,6066.65,7041.92,8417.52
Total Liabilities,2391.32,2361.24,3082.32,4206.71,3888.65,5390.89,5330.45,5516.93,5559.44,6149.70,6345.19,7182.90,8063.81,9616.15
Common Stock Net,15.95,16.05,16.53,16.58,16.66,16.34,16.31,14.76,14.78,15.39,14.56,14.56,14.56,14.45
Retained Earnings (Accumulated Deficit),-566.64,-577.16,-282.51,134.69,772.15,1227.18,1270.07,570.92,-772.34,-716.97,-644.79,-1987.40,-2799.55,-3729.95
Share Holder Equity,2509.04,2523.19,3187.65,3740.75,4924.98,5041.67,4931.86,3823.41,3335.62,2972.29,3143.23,1838.07,819.89,-314.36
Total Liabilities And Share Holders Equity,4900.36,4884.44,6269.98,7947.46,8813.63,10432.56,10262.31,9340.34,8895.06,9122.00,9488.42,9020.97,8883.69,9301.78
Net Income/Loss,-308.46,-10.52,288.84,398.67,578.01,527.39,-60.81,66.92,315.29,338.90,394.23,-1454.61,-956.46,-1097.17
Total Depreciation And Amortization - Cash Flow,223.47,313.06,366.93,378.59,401.72,396.45,509.14,600.62,566.60,590.21,671.53,636.18,596.12,538.99
Total Non-Cash Items,223.47,313.06,366.93,378.59,539.15,451.85,619.49,721.98,672.30,627.06,800.25,1069.59,724.04,610.58
Total Change In Assets/Liabilities,-59.18,43.30,16.47,113.23,34.77,-84.62,-36.65,369.23,174.91,87.41,-358.31,-475.93,-36.35,-132.85
Cash Flow From Operating Activities,-112.25,401.95,744.66,950.23,1151.93,894.61,522.03,1158.13,1162.50,1053.37,836.16,-860.96,-268.77,-619.43
"Net Change In Property, Plant, And Equipment",-933.34,-202.52,-90.03,-220.05,-77.91,-236.60,-247.74,-102.69,-156.14,-386.23,-336.28,-208.31,-134.31,-129.31
Investing Activities - Other,-210.29,12.21,-190.02,-1115.66,-504.42,-1884.99,392.21,-130.61,-357.81,-276.06,-109.85,-227.67,-532.66,-664.32
Cash Flow From Investing Activities,-1143.63,-190.31,-585.38,-1335.71,-1209.27,-1605.27,-469.66,280.60,-404.02,-662.12,-1031.85,-53.31,-674.55,-806.11
Debt Issuance/Retirement Net - Total,270.69,0.00,589.48,865.24,-668.01,1369.72,77.95,-124.33,-193.77,503.03,341.00,1252.26,913.03,1849.84
Net Total Equity Issued/Repurchased,383.52,0.00,4.56,3.59,333.71,-179.31,5.09,-802.53,3.61,-572.02,85.93,174.52,-53.89,-58.37
Cash Flow From Financial Activities,653.35,17.68,557.91,934.73,-264.97,926.95,-29.69,-1339.72,-1046.04,-340.52,97.11,1263.61,821.74,1783.29
Net Cash Flow,-602.54,229.32,716.10,551.18,-327.45,215.90,13.37,91.28,-287.84,38.11,-88.09,323.27,-102.22,335.14
